AreaID(string),R1C1,R1C2,R1C3,R1C4,R1C5,R1C6,R1C7,R1C8,R1C9,R1C10,R1C11,R1C12,R2C1,R2C2,R2C3,R2C4,R2C5,R2C6,R2C7,R2C8,R2C9,R2C10,R2C11,R2C12,R3C1,R3C2,R3C3,R3C4,R3C5,R3C6,R3C7,R3C8,R3C9,R3C10,R3C11,R3C12,R4C1,R4C2,R4C3,R4C4,R4C5,R4C6,R4C7,R4C8,R4C9,R4C10,R4C11,R4C12,R5C1,R5C2,R5C3,R5C4,R5C5,R5C6,R5C7,R5C8,R5C9,R5C10,R5C11,R5C12,R6C1,R6C2,R6C3,R6C4,R6C5,R6C6,R6C7,R6C8,R6C9,R6C10,R6C11,R6C12,R7C1,R7C2,R7C3,R7C4,R7C5,R7C6,R7C7,R7C8,R7C9,R7C10,R7C11,R7C12,R8C1,R8C2,R8C3,R8C4,R8C5,R8C6,R8C7,R8C8,R8C9,R8C10,R8C11,R8C12,R9C1,R9C2,R9C3,R9C4,R9C5,R9C6,R9C7,R9C8,R9C9,R9C10,R9C11,R9C12,R10C1,R10C2,R10C3,R10C4,R10C5,R10C6,R10C7,R10C8,R10C9,R10C10,R10C11,R10C12,R11C1,R11C2,R11C3,R11C4,R11C5,R11C6,R11C7,R11C8,R11C9,R11C10,R11C11,R11C12,R12C1,R12C2,R12C3,R12C4,R12C5,R12C6,R12C7,R12C8,R12C9,R12C10,R12C11,R12C12,Y1,Y2,Y3,Y4,Y5,Y6,Y7,Y8,Y9,Y10,Y11,Y12
00000,1566738,63,8148291,63474,0,11343,181,2269,0,1728,1516338,0,410,1501,13108162,380410,7618810,264,120,445,17,442,4412,1035,2970525,69677,133599329,17291297,1931102,3049731,1217533,7131711,2444626,1975673,30940560,270490,30170,2604,589394,37948,490238,276671,809437,358460,170921,324300,609237,0,126810,34241,6751733,242410,2741639,2367161,578134,894225,374831,635563,5731722,27782,843366,17469,13892564,3375890,518797,1031674,288723,1490588,603888,391574,10085389,47205,104481,41302,2534753,1038348,656641,4290337,10724395,2314830,1435416,900132,5010081,161231,727074,176147,7942962,2669553,1041515,5132988,1476462,6643436,1364670,1375475,5915574,443793,48697,6828,1895842,536093,453514,3563858,2323109,566315,8453606,1207264,9294128,354449,0,0,0,0,0,0,0,0,0,0,0,1157289,276644,46661,9839292,5847382,2531680,8377238,6618314,6811438,9190525,4742630,24178171,297348,50609,10384,937178,848712,110774,649760,305372,454627,132230,37193,1191459,0,12887622,847915,302809197,60836569,29179299,95478881,116167167,55009418,49974511,39739035,250195786,4692988
01000,314525,9,814378,4657,0,473,11,461,0,296,51546,0,23,94,652502,39191,60736,0,0,10,0,80,5,64,390864,11845,2171027,691976,86064,138592,37085,240801,64780,152849,1227540,11139,2176,224,6564,1166,13462,9656,28110,5409,3115,5667,15585,0,17589,4471,159924,10527,118540,105035,24087,26531,14364,39047,228517,1421,128374,2307,279500,158223,13942,51631,10536,20278,17579,28021,356858,2115,13455,4188,44105,45712,25405,180264,379939,70411,35036,76211,158321,6765,61047,2097,195385,101040,19041,74498,33252,327068,34137,74635,163410,17706,5149,819,23467,19299,18263,114314,49108,21445,196618,62075,202313,12502,0,0,0,0,0,0,0,0,0,0,0,24421,52575,4480,130878,336363,133509,267996,210777,222004,203824,259985,861212,19310,6187,1455,23966,38201,8272,29318,9117,21632,3268,1968,37947,0,1852363,81893,6830611,2817463,1099386,3646038,3792018,2176439,1336003,2661603,9090483,181792
02000,44772,1,191487,771,0,125,1,6,0,47,12641,0,10,66,24844,5495,50569,2,0,1,0,12,32,10,100929,1544,550920,171417,17387,25201,8575,68858,10467,43666,289040,2700,877,50,7256,345,3103,2341,5542,2556,972,4747,5256,0,2928,767,92709,2369,25688,24925,3701,5051,2876,11738,54246,281,27277,390,84499,31818,3228,8001,1976,17197,2589,7567,90123,472,2629,803,16720,11357,4237,31197,67579,19881,4387,18385,42044,1612,32216,5961,54381,32971,6287,47719,11718,42291,7322,31220,57946,4690,1745,133,9625,5647,3311,29746,16563,4606,46577,23468,43053,3544,0,0,0,0,0,0,0,0,0,0,0,11573,7834,832,59085,69368,19767,76682,48095,81563,39437,93238,187471,3089,1849,247,13384,7552,753,5507,1772,3542,703,714,10913,0,426841,18567,1820271,649567,232641,755368,794691,486767,233866,737832,2051450,46931
03000,45770.257,0.654,192467.755,2085.408,0,109.676,1.8,5.525,0,7.641,10311.104,0,21.369,38.28,13680.04,13972.991,9025.907,2.234,0.572,2.357,0.074,1.987,41.109,10.425,99360.228,2065.437,1027748.352,334541.793,12621.092,24232.255,9552.146,54818.818,11848.769,14219.494,278270.714,3128.318,676.273,72.739,4017.87,659.517,3030.148,2198.054,7214.957,2716.185,885.959,3431.14,5163.807,0,3660.014,729.522,46632.851,4413.518,24073.15,19837.765,3742.814,4872.446,2693.352,5072.966,47225.161,279.933,21281.765,531.337,104494.934,64481.135,1840.581,7723.029,2175.96,13775.789,3186.744,3238.496,82408.12,475.521,2489.816,1159.006,19134.463,22761.418,4928.555,26054.111,71125.427,13980.833,5745.016,6925.992,41134.031,1386.005,23343.554,5758.779,62413.674,59639.465,3751.694,32039.904,9247.713,27329.538,7814.72,9940.346,48859.114,3724.125,1245.217,120.01,14430.756,11956.604,4536.903,25460.832,16270.536,3580.27,50525.562,9553.395,47333.222,3112.541,0,0,0,0,0,0,0,0,0,0,0,11657.565,8668.134,897.261,74817.086,157932.978,36089.712,67328.326,44690.903,58592.011,47064.489,36301.146,178657.651,2749.052,1180.517,285.649,7491.658,13684.399,1142.409,5129.251,1808.167,3142.567,845.546,288.371,11153.048,0,368138.658,22991.405,2330543.36,1326003.642,170385.206,678740.657,896573.674,388101.703,270248.899,317102.301,2021872.081,45095.759
04000,36156,0,201794,2964,0,220,3,18,0,49,25104,0,7,6,288912,22020,64422,6,3,3,0,12,73,17,70056,2121,1502622,650586,20368,62096,15496,126185,26474,53363,557371,4715,623,78,7375,1326,5966,5639,13896,5890,2021,7710,10468,0,2682,583,86968,9481,29758,46539,8600,13011,5112,16112,100303,485,18053,572,180000,125452,5370,21309,3938,30131,6701,10118,176785,826,2624,1271,33567,42484,6554,91557,175624,38439,14925,23785,92831,2948,15842,5866,111855,107105,9838,107094,18710,79887,15953,35946,104903,7760,1143,87,23958,23015,5876,72791,29233,9897,111928,31256,129527,6201,0,0,0,0,0,0,0,0,0,0,0,20240,7533,835,112687,262592,26870,170312,89505,130665,101705,119977,425040,5200,1433,269,13257,29130,1386,13265,4141,8072,2202,978,22537,0,301479,22448,3896121,2444655,298886,1966372,1859952,960448,590292,1013545,4354654,82077
05000,24953,2,43949,595,0,88,1,10,0,11,10049,0,14,14,26884,4106,97392,1,0,0,0,3,23,6,41726,1137,528532,130870,28351,18523,6386,49550,8186,17094,228277,1710,558,48,3761,290,5428,1693,4338,1930,760,3885,4104,0,2257,700,43341,1679,37890,17206,1909,3081,1918,6602,44563,177,13450,277,68559,25583,6456,5856,1447,12870,2150,3875,73306,300,1740,745,13946,8408,9060,23060,48171,11474,3982,8465,34445,1025,12315,2356,39057,21314,12755,65978,7646,28807,5102,13201,44302,2823,670,155,11555,4460,5470,21550,11867,2173,37759,11883,41007,2254,0,0,0,0,0,0,0,0,0,0,0,7359,6177,1081,52451,52242,35079,51909,28882,47691,29917,49521,154454,1891,1083,166,4482,6067,1376,3940,1213,1555,747,351,8867,0,222018,14886,1347333,489921,382577,551325,591522,261243,185942,406594,1711874,29842
06000,29185,0,72017,644,0,95,2,2,0,14,10680,0,7,12,12975,3935,35554,2,0,0,0,3,19,7,52775,891,1001631,133923,8018,18397,7851,53523,6616,19092,227049,1938,671,28,4615,266,2691,1520,5722,1881,799,3153,3829,0,2355,324,45176,1528,20327,16446,2205,3517,1920,5887,40088,197,18203,234,140367,26462,2537,5652,1821,14712,1671,3955,72889,339,1697,466,21054,7516,3667,12901,58196,10507,2024,8560,22712,463,19657,3190,74673,26661,5820,34254,10832,27179,5419,16406,50351,3345,981,54,29761,4209,3245,21478,14610,2535,38667,12171,36721,2560,0,0,0,0,0,0,0,0,0,0,0,8321,3496,411,101742,53025,18013,52326,36138,58979,27800,51519,143714,2482,1397,128,7842,6304,828,3915,1499,2319,712,369,8887,0,272235,9765,2338743,508379,179113,543671,835213,336440,176709,405849,1704434,34403
07000,29902,0,126458,2587,0,164,2,1,0,43,21144,0,11,5,104381,18405,255170,4,0,2,0,11,55,19,51101,2724,2065640,463065,123199,36343,14208,128158,13726,55208,466306,5837,535,95,8897,720,11451,2192,7105,4313,781,7798,6371,0,2332,724,150943,7173,288626,32045,5244,10421,3459,18754,93988,542,16009,734,261572,89110,24160,11400,3226,32775,3464,11171,144603,950,1496,1152,41466,23250,21327,32507,87441,27514,4800,14028,47629,2017,13993,7053,162996,95192,49699,62623,20607,74439,10101,46558,101065,9468,887,100,48818,15686,16391,41128,26411,8654,66740,37976,78688,7282,0,0,0,0,0,0,0,0,0,0,0,23321,5492,1016,210965,181953,119602,100346,68861,132815,52266,138397,296019,6093,1159,222,14838,14897,4438,7590,2697,4959,1010,1042,13356,0,251878,26805,4866523,1752369,1335422,1070329,1300404,797356,322308,998091,3228522,66407
08000,47314,0,402031,1704,0,255,4,7,0,14,25883,0,9,11,711223,10639,247114,5,2,6,0,4,92,23,122121,2319,5693987,437005,42772,58372,17996,128598,18562,18988,681703,5934,1455,86,29079,950,12798,5318,14665,6496,1865,3749,14097,0,4315,645,257992,5236,52541,45436,7657,11605,5341,5950,122030,589,36334,621,588759,85277,14257,18922,4316,32610,5080,4048,209897,1036,3125,1377,110459,25941,19059,71505,159955,49147,12202,9045,101745,3363,31102,6469,355333,67714,30898,90738,21530,124889,14120,13978,145855,9702,1875,103,82720,13730,11283,67997,34498,8812,91319,12443,137101,7776,0,0,0,0,0,0,0,0,0,0,0,25389,9624,936,419834,149999,61380,163464,92620,131282,94074,50817,537788,7299,2130,297,42190,21349,3054,12418,4381,7582,1188,325,28537,0,506143,24674,13274970,1545463,868295,1759109,1937564,1070376,532140,757879,5906919,103490
09000,41113,1,185029,936,0,184,2,0,0,3,24364,0,7,56,24614,5849,17019,4,0,2,0,1,87,17,71066,3195,3420516,245030,10456,38280,15009,100273,7954,16611,491634,4652,1098,106,13829,522,4124,3485,10660,4280,1325,5766,10083,0,3370,1099,142021,3338,24198,35645,6303,7651,3420,8438,94454,477,20423,840,387491,47556,2382,11960,3486,27758,2226,4650,162484,813,2138,1717,72963,15162,6186,46794,126355,24244,7354,9441,72559,2774,20536,10419,208769,44124,5874,70604,20355,46117,8656,17881,113898,8022,1078,178,54372,7108,5591,44305,28159,5236,59979,14161,107104,6097,0,0,0,0,0,0,0,0,0,0,0,19912,6839,1358,303161,85855,47562,107001,75345,102658,52512,63658,358472,5115,1152,475,31949,12253,1366,8101,3449,4884,753,393,18602,0,313847,33361,8107652,875470,217187,1127968,1470590,641429,313442,509826,3822362,80741
10000,32505,0,135236,892,0,181,3,0,0,13,20985,0,7,15,16439,5420,29116,4,0,3,0,3,54,26,73917,561,4286574,261014,16407,39409,14438,106127,11527,20853,441608,6936,816,19,11312,585,6414,3564,12645,4615,1285,4397,8307,0,2830,223,146136,3406,46495,35529,6500,8395,3551,7668,82780,711,19331,145,399854,50924,3565,12424,3513,29200,2924,4544,137275,1209,1399,261,54446,11989,8832,46487,121785,26845,7254,4769,58237,3894,22303,2332,218008,48180,10396,84400,19766,53523,9796,18832,99220,19646,1059,38,46423,7843,9098,45430,26556,5880,62723,13949,70176,9076,0,0,0,0,0,0,0,0,0,0,0,29635,4774,261,281752,83782,88593,109174,73779,110760,52753,57452,275708,7592,1567,156,29852,24380,4151,15140,6100,9508,1355,757,30511,0,283636,6451,8166781,910036,374506,1167558,1644468,691383,322178,473646,3237806,120177
11000,21227,1,229621,2429,0,548,13,0,0,44,63182,0,2,57,83839,13337,103588,12,5,24,0,15,185,40,48102,1826,5599624,730534,50501,126803,48852,274693,37878,62222,1374807,11642,134,13,4955,325,4387,2435,9994,3303,1466,2829,5571,0,2511,782,232972,10558,102271,111535,24994,45462,12878,20409,234541,1218,17765,470,670948,142887,19258,41273,13137,68928,9159,12830,438884,2054,2710,998,120810,44436,27120,166431,614177,84517,26127,34247,208189,6914,14381,5646,365476,118466,40159,224612,61791,133431,29341,48280,248703,19356,975,137,85846,18388,22282,147872,90879,17963,225949,40329,233188,15422,0,0,0,0,0,0,0,0,0,0,0,21552,5513,906,446862,232987,133587,352403,277423,280520,181836,148003,895080,12498,1025,284,34630,37457,5373,27002,14286,14843,3101,1009,48091,0,242070,20765,12091839,2519396,922826,3857170,6027760,1982000,1105957,1554930,9968318,179424
12000,47159,4,383651,2713,0,538,12,385,0,73,64438,0,6,24,1889723,17212,898213,11,3,28,0,18,158,46,131222,2367,6068785,713866,160452,111997,46292,487181,40192,80153,1298666,11955,1448,121,30772,1425,44380,10233,49646,19062,5722,12634,28739,0,5031,1543,345694,10083,259877,103289,21762,51523,13082,25251,263968,1184,39766,568,538521,136918,50580,35229,12296,66347,10547,15652,425271,2084,4022,1745,104622,41095,58761,119624,545074,126264,24350,36193,178316,5475,32672,6250,390059,109367,111506,164312,55085,384948,31336,55183,257717,19598,2140,375,64868,19073,34364,130186,84591,34027,232899,48285,213568,15648,0,0,0,0,0,0,0,0,0,0,0,51088,10903,2544,354073,244301,187127,314118,251384,376851,210439,188312,932553,13127,2219,285,36715,35481,8808,23803,12723,23733,3026,1495,49839,0,514886,35392,14576718,2432223,2816724,3004192,4654131,2952018,1174925,1409264,9415927,195594
13000,3780,0,270045,8844,0,1512,19,553,0,492,294834,0,1,24,30563,46085,488044,48,45,110,12,126,877,132,17112,1183,4101430,2697240,124557,533865,340517,1115887,1405465,458959,5108130,34653,78,10,4915,1334,25463,8804,117685,32973,23391,45813,40436,0,1052,382,120693,25307,145217,260191,112593,167520,93993,125168,828703,3780,6447,275,508380,531698,40989,183806,87583,227700,368060,81942,1836173,6048,950,443,55589,99024,39842,577890,2154873,278375,474744,194383,682013,17952,2950,1927,182659,254059,56459,524101,298066,1062992,497910,280759,774562,55735,530,28,42190,58766,33684,480308,430518,79279,3187582,307892,3507166,44424,0,0,0,0,0,0,0,0,0,0,0,148308,3141,320,217373,713893,160291,939170,1155702,846681,3922673,890593,5576637,38310,376,186,24809,131537,10390,126042,101681,69768,54162,7962,224511,0,101716,9548,9146784,8346040,2045952,24142943,25939997,7550317,22538640,6669910,51085367,750413
14000,7522,0,388331,3184,0,767,17,0,0,77,98954,0,1,0,1755205,16794,954661,16,8,49,0,20,392,53,29237,612,7941849,958968,179456,167736,65883,396447,109162,75814,2125196,13882,275,28,29118,2035,51983,15321,69313,32363,9439,9353,43525,0,1245,168,337287,14413,228539,152417,37016,98419,22764,21405,405087,1449,9150,166,741864,187335,57924,53690,17761,84933,33365,13644,705193,2424,2829,434,135517,58024,60180,213489,842079,184627,95843,32634,341682,8279,7167,2076,464155,143521,122667,251850,78977,503908,80277,48883,410909,22748,818,31,104817,26034,37070,195430,121748,34372,428568,42245,504266,18202,0,0,0,0,0,0,0,0,0,0,0,59429,3989,274,574496,303018,189454,469822,387433,402299,611111,158050,1772850,15835,621,61,45292,47764,8713,35711,20418,32343,6167,1346,87548,0,149816,7893,18613665,3294088,2966591,5039375,8816330,3872982,3145871,1923139,17254354,240993
15000,34669,23,129980,1450,0,189,5,6,0,21,25373,1,20,133,32998,9759,247892,4,1,5,0,6,76,18,63877,7239,1756854,335900,53313,45594,17442,115521,17770,30563,512523,4719,1317,596,18047,1174,20640,6789,23566,9073,2785,10509,16245,3,3991,7084,132796,4573,82861,39680,6275,10678,4246,11719,102252,682,20424,1508,231704,64812,14842,14964,4255,30318,4521,6749,165375,840,2293,4789,39182,17819,16080,58402,152381,37290,9913,10453,73760,2666,20482,13262,132487,61115,32794,86003,22314,74360,12820,26015,106992,11596,933,1744,31774,11200,11272,53110,31592,8072,81772,20720,89946,6008,0,0,0,0,0,0,0,0,0,0,0,19954,8001,11349,149942,125568,70853,125953,82517,125210,73801,83553,317482,5566,1295,1154,16228,15745,2839,9699,3794,6280,1247,632,19311,26,332138,141068,4421537,1239782,890385,1442489,1937794,831043,442930,814282,3921673,78046
16000,9382,0,53867,641,0,97,2,0,0,6,12440,0,2,2,26807,6869,46722,3,0,1,0,2,27,8,19783,1398,1449027,166962,15874,22854,9474,53407,11678,11279,245740,2311,250,51,13669,468,12739,2723,8180,2502,1476,3898,5687,0,884,295,96364,2017,59738,17338,3418,4374,2083,4151,43548,216,6433,382,180283,32298,3898,7460,2105,14353,3264,2744,79367,407,933,603,36438,9472,11433,25793,68517,13342,6400,5773,34940,1199,5532,3365,100615,28024,8375,40870,12012,30175,8201,9992,50406,4268,357,40,41101,5167,6358,23140,16687,3065,40571,8273,45639,2728,0,0,0,0,0,0,0,0,0,0,0,10986,2851,406,159857,53985,54489,58894,42991,51571,49329,43037,158289,2639,636,133,12015,8680,1330,5163,2032,2900,830,258,10691,0,93002,11422,3715969,590304,395719,719723,866297,364559,283280,288791,1893639,44446
19000,7991.487,0.048,43761.13,503.951,0,74.805,1.321,0,0,7.25,10538.553,0,2.106,0,5793.796,3093.293,4901.58,1.531,0.562,1.917,0.021,1.873,32.587,10.477,16609.388,604.011,1017836.269,101737.002,5801.821,18778.27,9369.39,43152.422,4618.87,12871.115,201755.268,2756.915,396.003,61.867,6346.264,345.397,3225.682,2508.801,8736.638,4094.985,1135.215,4279.028,6277.37,0,576.424,153.348,33290.19,1081.892,14246.253,12809.969,2393.388,3398.06,1423.569,3393.563,32542.443,258.015,5718.144,158.831,123508.237,19594.581,1128.462,5313.662,1710.241,11857.94,1028.824,2520.922,65740.994,477.846,540.055,361.714,22562.402,6318.388,3398.401,19226.47,60377.449,9938.386,2956.799,5440.203,30129.079,1315.189,6960.619,3966.247,65212.416,19375.202,2788.275,33312.037,10123.383,20122.99,4086.561,10169.265,49389.264,4724.888,371.223,22.257,22966.022,3008.024,3279.126,19281.425,14134.547,2635.33,32413.216,7732.048,39185.379,3588.01,0,0,0,0,0,0,0,0,0,0,0,11650.843,1024.168,225.231,95543.682,39217.496,28583.115,46207.133,36412.591,49286.248,24688.415,32215.173,134371.157,3009.989,427.858,73.369,7651.875,4693.444,799.25,3522.815,1494.736,2219.332,525.181,228.267,8172.237,0,92112.403,10908.28,2359004.84,381750.775,113500.7,522729.893,759691.674,292598.918,153730.48,279609.234,1546289.91,47245.993
20000,34050.39,0.08,112244.92,845.3,0,169.63,3.15,0.61,0,12.61,26390.22,0,25.17,1.75,9374.08,4854.56,17186.03,3.68,1.41,3.63,0.14,3.29,78.23,15.29,62264.72,792.46,2294513.96,230351,20325.47,41143.33,17166.61,111779.69,22398.07,24371.62,506466.89,4295.2,829.8,29.55,10898.97,516.84,5840.32,3734.28,12261.73,5896.36,1964.69,6211.63,8940.92,0,3620.83,212.19,92148.14,2694.88,37777.52,30813.66,6385.64,9537.01,4093.23,8813.52,88792.02,398.43,23133.98,210.85,284617.07,45589.51,3786.8,13513.97,3860.19,30106.35,5428.06,5754.15,165855.22,697.33,2344.65,471.65,50750.5,13911.22,9503.13,55030.83,144721.95,26846.02,11107.83,12284.11,88945.91,2381.77,27926.06,3818.35,147148.4,43810.42,8601.36,87528.13,22851.96,51175.62,14740.53,23605.57,125740.7,6903.09,1086.11,32.76,46088.69,6680.27,9313.48,47872.41,31798.33,5953.37,80336.91,17608.14,105208.98,5236.07,0,0,0,0,0,0,0,0,0,0,0,17095.93,6185.95,311.07,206880.99,77617.03,71018.05,113665.08,83869.88,121784.71,77720.91,75235.9,347350.31,4392.56,1335.67,97.44,15274.9,11678.26,2100.78,8737.61,3710.07,5078.53,1260.02,509.71,19555.56,0,329939.27,8380.51,5303867.42,812316.41,299594.14,1259100.78,1694918.24,703950.86,459254.03,612600.15,3832716.08,69326.69
21000,18047,0,83125,1118,0,130,4,0,0,18,24948,0,7,25,33483,7028,67978,3,2,2,0,4,60,16,32442,380,2297880,238731,15060,30282,16802,98557,13159,23656,447939,3553,306,29,9488,342,6455,1912,5706,2805,1178,3318,5197,0,1429,178,139850,3229,40298,25439,5791,7450,3749,8244,81957,364,8339,73,273374,45830,3010,9552,3635,27201,3004,5111,148018,615,990,179,52617,15423,10662,38420,122653,24137,7108,11298,64830,2103,10835,6385,151999,51019,7137,70715,23014,45902,10557,22155,96164,6519,430,38,39139,7348,6323,34335,30615,5030,66540,15730,78806,4677,0,0,0,0,0,0,0,0,0,0,0,16676,2458,175,203967,95239,32448,82003,79023,101233,53138,64847,272256,3880,560,66,19090,10485,1583,6292,3496,4388,1070,456,15204,0,150372,13416,5419793,926725,363653,1043081,1587060,635115,364522,544147,3322397,62789
22000,29084,0,374956,1626,0,315,5,83,0,43,43589,0,9,0,69415,10043,175797,6,3,15,0,11,162,53,67244,1181,6990717,460355,43172,69803,36149,211549,18122,48626,857875,13882,710,43,25577,989,11727,6366,22574,13084,2888,7714,17022,0,3084,305,310688,6768,59111,62475,14561,34081,7421,15367,163599,1426,21071,318,804861,90027,12074,22398,8250,49919,5000,9517,284060,2423,2470,697,128103,27617,14481,89338,284519,70454,16016,21987,138098,8276,17006,3186,385216,70721,24348,180750,43725,146142,16450,33525,170067,22777,1209,44,106081,14165,10471,81257,68454,17049,141481,29358,190689,18195,0,0,0,0,0,0,0,0,0,0,0,59402,5991,450,545162,150928,56717,194688,182597,227015,116138,114623,597945,15263,1433,146,48988,22420,2470,14811,8224,13598,2265,917,34263,0,303097,12118,15220780,1612644,682068,2100324,3259888,1706024,691094,962508,6532967,240884
23000,41521,0,351983,3139,0,647,10,124,0,33,75370,0,4,34,709256,18567,659133,17,6,21,0,9,394,61,91734,1365,20196164,886750,152056,213499,62054,418471,106031,55219,1816059,15862,131,6,7293,244,4800,2438,5937,3026,1058,1704,4557,0,6490,535,740886,12848,191268,143641,31627,59132,19231,22272,306640,1630,30188,355,1692161,174754,42988,75454,15241,90868,27565,12929,567366,2769,4344,756,268702,53299,49005,323918,599914,156125,67021,27914,302344,9457,21592,3851,814105,135790,86832,356354,74971,435882,64022,43692,327641,25273,1702,91,192686,26470,32600,250340,118970,35269,387223,39608,552029,20792,0,0,0,0,0,0,0,0,0,0,0,67882,7045,637,1164800,288030,161189,578600,344869,420446,439341,167207,1376066,17442,2572,255,176171,45478,40804,94786,57480,53286,13818,12980,107386,758,405501,15560,37966964,3100958,2249427,6910098,6459374,3406731,2414910,1366940,14408516,275273
24000,16414,0,155880,994,0,135,5,0,0,16,20659,0,2,36,790197,6271,158730,2,0,2,0,2,37,17,38809,3186,5332816,222466,36216,27920,15080,35691,11814,17098,405278,4608,312,112,21400,592,9729,2158,9344,1767,1913,2654,6698,9,1520,584,265873,3300,69717,24890,4382,6686,3398,5096,78885,477,8972,654,495250,43276,10251,7827,3455,5034,2674,3503,129533,860,1523,1008,89858,14873,15462,21576,102277,21579,5388,7342,60403,2663,4510,649,232802,23218,19307,8851,12676,55189,5481,7781,53567,6415,669,95,68976,6460,9879,24291,24859,5188,56790,9558,60970,5617,0,0,0,0,0,0,0,0,0,0,0,18699,4186,2134,415998,84273,58842,67341,62261,25438,41573,38920,238300,5060,549,222,26622,10227,2189,4461,2772,4293,788,298,14165,0,183345,16320,10938337,788807,722651,835583,1384692,586720,306732,424902,2991718,88726
25000,11856,0,79696,678,0,103,2,0,0,15,12404,0,1,11,23865,3975,57696,2,0,2,0,2,65,11,13721,520,2902409,156273,11244,19101,10806,18379,9819,14056,268653,3085,200,20,13931,331,4651,1752,43329,4027,994,2949,5896,214,933,120,136240,2313,18441,21103,4570,9252,3375,5565,53755,755,5137,156,334884,30133,4295,5770,2504,15688,2120,3662,90046,539,953,322,64862,9540,6272,21821,91225,18374,5134,10612,47366,1842,3822,904,169008,24492,8904,25850,12998,28384,6568,10975,54986,5068,267,35,52625,4789,5143,22141,20339,4240,47787,9507,59659,4049,0,0,0,0,0,0,0,0,0,0,0,13220,2582,254,252828,54524,28233,54153,53505,70076,39709,37107,202378,3396,381,89,19985,7508,1171,4054,2558,3458,624,374,12014,0,78514,4315,6565865,554630,252348,549591,1069174,415847,248720,342885,2245890,53610
26000,13850.12,0.22,133796.38,1074,0,231.87,3.71,0,0,20.61,36409.89,0,3.94,11.57,18423.91,5595.36,225381.4,4.93,2.16,8.93,0.18,5.3,127.07,22.79,20417.28,866.98,1750333.69,269799.88,40424.79,54520.47,20143.36,102306.24,32170.2,28176,639144.01,5956.88,237.43,31.07,8527.57,607.37,12469.68,4958.26,16493.47,7759.89,2123.22,5747.9,14986.31,0,1687.43,403.4,134857.77,5246.13,72075.58,71577.22,15186.22,32575.99,7942.74,14957.61,193430.87,817.13,6510.55,229.1,241136.08,52115.21,13832.85,17778.44,5085.74,24674.18,6672.75,6085.19,219104.42,1039.51,735.9,373.59,36641.26,11697.41,10538.01,53736.08,162156.35,31099.86,10525.56,7675.56,70722.3,2322.8,5677.74,2527.63,120822.95,41693.62,29397.78,83645.02,23963.62,62329.32,15919.91,20812.53,127884.66,9679.42,396.9,46.64,34031.82,7821.53,10858.94,63407.81,37972.64,9164.31,107533.48,18696.36,133446.28,7773.72,0,0,0,0,0,0,0,0,0,0,0,25484.88,2390.59,366.43,198757.08,97418.71,56318.09,150678.62,114281.37,117531.55,95588.05,71491.67,415024.1,6110.6,414.14,130.17,26371.13,15212.4,2744.59,12655.29,6204.11,7439.09,1481.18,611.41,30011.82,0,99277.06,9560.28,4972234.07,981936.11,736482.95,1694022.51,2158347.07,948982.33,580855.3,651334.17,5066669.36,102690.45
27000,3595,0,190607,535,0,136,3,321,0,90,100193,0,0,0,863882,5035,457570,23,10,38,1,11,343,73,12524,691,5623719,975296,108978,291115,87730,543230,164081,122696,2486139,19403,196,28,52545,2649,38048,30257,51278,29727,11372,31914,53814,0,1401,174,412972,13063,128497,228844,49353,76228,26786,48323,436491,2035,5030,184,666143,210271,33587,108530,20026,81422,46293,28244,862073,3410,2045,374,179463,51328,36501,580750,756976,153931,114287,57130,427007,12889,2844,1482,402780,126656,64122,353324,100615,479617,89897,87806,400666,31666,522,21,129700,30501,30138,333707,167810,45206,534514,85128,752226,21858,0,0,0,0,0,0,0,0,0,0,0,99291,3035,226,652322,281989,118718,766688,471179,423802,628236,276014,1811865,18198,279,89,63046,51045,6775,60409,23774,33997,9575,2549,91957,0,85027,6757,15288988,3228005,1704941,9249530,8229562,4205877,3579510,2105034,19123686,341043
28000,27013,0,364520,1916,0,446,7,39,0,43,66295,0,6,8,223370,12136,373597,9,4,20,0,12,160,42,60624,3808,6921026,540460,110370,129594,46137,149455,35200,60565,1322718,11584,601,139,35389,1519,22948,9892,32247,12086,1902,10893,24717,25,2179,591,411091,7941,123870,90584,21039,35980,7197,19789,232942,1186,16286,816,725305,106756,27008,40827,11880,21058,9482,13390,430123,2131,2821,1253,138516,34644,27192,125146,410492,90837,20922,27541,194234,6626,7222,642,363132,53212,46153,61746,38160,154514,14978,28917,165768,11435,960,73,104936,14876,18855,111812,78304,25215,135629,36367,206469,14154,0,0,0,0,0,0,0,0,0,0,0,46467,8694,2936,525176,191283,90347,315215,235654,170655,139753,152594,846457,13364,1034,265,56670,26451,4230,20465,11304,20187,1928,1099,45397,0,247460,18762,14787924,1852233,1282812,2877665,4417677,2035639,798490,1218517,9232963,188430
30000,10518,0,39954,836,0,78,1,2,0,7,9455,0,3,0,506466,4525,69611,1,0,1,0,2,28,51,25644,308,1065227,136914,13911,17416,6689,43979,4279,10685,210523,12347,390,12,5694,297,4331,1587,4739,2057,617,2213,3822,0,895,81,59103,1835,27197,15524,2948,3862,1886,3907,40524,618,9622,84,91751,26702,4500,5597,1536,11237,1107,2324,66721,0,899,192,20172,9136,6422,22354,56302,15734,3419,5155,33734,1943,7729,889,70329,25331,9511,34345,8983,43534,3846,9421,39390,1641,653,13,10645,4646,4457,20272,12426,3293,35287,7140,31187,1260,0,0,0,0,0,0,0,0,0,0,0,3623,1732,123,62511,58879,22406,48547,33735,43563,24886,29252,127501,2671,815,37,7259,6072,1087,3704,1294,2738,494,213,7769,0,142945,3371,2945656,521866,267937,524634,667236,329515,158090,241554,1528684,24154
32000,12833,0,30319,529,0,53,1,4,0,5,7332,0,7,8,3245,3566,44034,1,0,1,0,1,18,0,21006,741,506539,102319,9619,11603,4219,26037,5785,11024,154499,44,129,22,2447,171,2021,830,2545,802,726,2458,2341,0,791,233,28022,1074,17425,8908,1491,1446,1347,3779,25163,4,5384,197,53374,19574,2775,3701,992,6372,1521,2783,50364,8,604,287,6214,4524,2525,10261,23993,5649,2264,3416,16497,19,5247,2105,26652,16580,5565,16046,3882,15262,3670,7975,27184,62,401,40,11204,3533,2553,13746,7875,1823,31499,8574,30615,59,0,0,0,0,0,0,0,0,0,0,0,187,2077,262,28847,32863,12158,22281,14858,23350,16790,26894,74857,36,45,9,418,415,58,218,76,126,48,21,602,0,103732,8300,1089284,397624,173380,347597,437132,177908,145632,298967,1200724,759
33000,19689.8,0.2,114592.8,694.8,0,151.8,3.3,8.1,0,8.7,17206.2,0,3.6,10.5,1148138.3,3892.7,35956.9,3,0.8,3.3,0,2.2,36.8,16.7,43640.2,366.2,3705671.8,193205,20615.6,33090.2,12373.5,114312.1,15255.5,15530.4,367499.5,4358.9,266.9,11.2,9610.6,216,1840.5,1737.3,4644.4,2601.7,816.3,2013.8,3712,0,1538.3,152.4,203384.3,2808.2,15816.6,30116,4584.9,9502.7,3879.3,6422.9,71077.8,447.5,11605.6,94.1,289446.8,37594.1,3594,10561.7,3098.8,27613.2,3544.1,3706.6,116419.3,760.4,1338.1,243.7,62901,12136.6,3304.3,53008.6,108674.2,49316.7,10055.2,5551.4,64643.2,3617.6,13696.7,2483.1,222526.4,35282.5,6043,70727.7,16185.7,112275.5,10919.5,14536.6,76670.6,7597.2,644.6,25.2,37969.8,5178.9,3257.5,38502.8,21869.1,7891,72479.5,11347,73799.3,5710,0,0,0,0,0,0,0,0,0,0,0,18643.5,3991.5,201.6,206584.3,63863.7,16362.7,92487.6,59758.2,96538.4,57935.9,48206,240787.7,4686.9,727.6,27.3,20032.1,9649.5,818.2,7806.2,2810.9,7258.5,1084.8,166.1,14886.6,0,168463.1,8618.1,8718234.7,689651.5,434861.5,1170245,1249477.1,859956.8,401779.4,437495.8,3114487.7,77924.7
34000,19192,0,165081,977,0,185,2,44,0,51,28591,0,5,2,277040,9684,119176,6,3,7,0,18,85,24,33939,561,5350774,287677,34394,53809,22980,134587,23697,51065,621924,4961,144,9,8251,249,3452,2054,4217,2435,876,2291,4803,0,1096,111,158997,2927,34164,30193,6707,10126,3876,10031,84005,356,10109,156,387230,52299,8184,18480,4915,29573,5459,8282,196826,806,1553,393,81415,18319,11768,88034,170125,59866,14754,21952,107577,3177,9892,1925,226208,46150,16137,106584,28349,144316,15816,33568,119763,7417,581,28,39433,10254,5776,64836,39821,12033,122240,24396,122547,8099,0,0,0,0,0,0,0,0,0,0,0,15954,4138,255,284286,97995,47897,151812,117310,148593,90227,99979,440122,5269,774,89,33059,14739,2220,13215,5956,10147,1898,929,25559,0,171456,6697,10652888,1079958,472811,2165565,2174563,1249317,668164,887403,5278095,111246
35000,10394,1,82500,734,0,103,2,10,0,13,13746,0,6,82,729279,4667,172705,2,0,4,0,3,38,4,20861,1611,2901518,185168,52650,20573,9476,79661,9473,17927,314243,992,191,50,15271,400,8507,1882,6692,3376,1334,3669,5420,0,849,850,219907,2282,53579,18388,3861,6500,2673,5947,49003,99,5974,401,213398,35706,11354,6387,2210,16045,2170,3880,99014,173,899,787,45771,10868,12661,22239,77467,30268,4269,8502,43302,487,5266,4608,157656,28998,21453,29418,11379,117631,6199,13353,51548,1628,406,155,33178,5781,7268,23892,18267,7147,52712,11920,51563,1300,0,0,0,0,0,0,0,0,0,0,0,8485,2330,878,168462,67298,38107,57895,48221,68692,36823,50417,193036,1090,472,287,14501,9078,1845,4371,2178,6328,823,357,10915,0,100796,23856,6643798,664367,600183,647584,924422,660770,253402,402778,2404520,17211
36000,17169,0,62961,355,0,55,1,3,0,9,5654,0,7,8,9117,2046,80591,1,0,1,0,2,22,5,33475,197,612102,81299,15164,12332,5049,39905,6545,12241,135557,1353,357,8,4151,185,3930,1123,3562,1557,1014,2420,2877,0,1512,95,47870,1072,28767,10872,2297,2593,1580,4358,26738,140,10184,50,85239,16111,4541,3981,1180,10118,1459,2612,44590,237,976,116,15721,5065,6430,15958,42771,11520,2951,5837,25961,808,8606,642,41413,13070,9942,19021,6075,25314,3761,9019,25734,2183,518,18,20792,2581,3426,14360,9422,2533,30512,8028,25245,1777,0,0,0,0,0,0,0,0,0,0,0,5799,2756,108,83749,30607,22055,34338,25978,39713,22067,32615,95548,1491,565,31,5199,3902,924,2623,1123,2128,457,241,6309,0,146748,2625,1666719,294624,283620,372753,498778,268934,145059,270130,1109035,23521
37000,11548,0,86587,459,0,81,1,16,0,10,11536,0,2,0,262996,2887,50731,2,0,2,0,3,29,8,31492,566,757635,127852,13371,21375,9017,60886,7735,11403,212852,2086,228,20,4745,285,3006,1907,4790,2542,908,2137,3854,0,1168,180,66077,1925,21937,20085,4536,5706,2609,4669,44746,262,6404,133,99463,21101,2948,6261,1773,12642,1722,2152,57547,313,912,358,25461,9467,5382,35588,72269,24262,5928,7395,43631,1655,10662,2089,120746,35765,11336,45738,13795,56441,8276,10001,59004,5335,401,19,13796,3882,2783,24620,17111,4813,38306,7311,46253,2740,0,0,0,0,0,0,0,0,0,0,0,8922,2067,209,69652,41894,13521,58030,45133,58165,35249,29779,162301,2345,423,79,11777,7006,741,4803,2041,4058,644,238,8486,0,119241,6776,2325485,472104,203185,717062,799452,488567,216738,260239,1764770,40203
38000,20000,0,82821,551,0,114,0,144,0,4,14634,0,3,2,563483,4068,68573,0,0,1,0,1,7,2,59062,337,1389082,146623,32479,26719,10146,76225,13807,8749,291452,599,404,7,4326,140,2547,1969,4892,1223,1163,2263,3877,0,2685,184,123234,1747,13264,23419,6656,7740,3720,4317,50454,32,16651,103,155617,27875,6531,8060,2783,24072,3198,2632,95703,100,2361,258,32537,9369,12136,31784,96734,25596,9465,9578,38109,145,16374,1730,136404,26236,9694,43064,20192,70410,11948,13947,57822,2052,1227,17,17998,5157,3575,30880,15637,6229,81066,7062,50887,920,0,0,0,0,0,0,0,0,0,0,0,10083,5579,196,104772,54252,20401,77749,48273,75624,67522,55379,216755,2192,2176,54,14483,9722,777,6968,2298,9224,4896,166,21057,0,235937,5266,3797167,530024,269407,778553,981399,541680,351498,347556,2202799,49684
39000,17514,2,36369,684,0,50,1,6,0,8,12942,0,10,173,12205,3990,4395,1,0,0,0,2,14,1,34201,1883,162664,101958,9738,11693,5198,33311,6296,11798,171609,1221,616,57,1317,222,1564,1082,3462,1182,477,2622,3105,0,1497,1229,17403,1048,13935,7647,1763,1712,1324,3723,26243,110,12060,459,27838,19935,1286,3888,1260,7572,1508,2614,56457,216,1451,916,5028,7207,2875,15743,44325,10323,2575,5746,25851,736,9332,6343,18008,17922,2197,19103,6529,28295,3701,9057,30603,1993,726,280,2801,3631,2048,13431,9919,2463,27163,7825,36453,1464,0,0,0,0,0,0,0,0,0,0,0,5308,3484,1412,16779,48699,18963,33537,29332,29624,20738,33035,106701,1433,1007,411,2469,4364,558,2551,1178,1814,466,283,6328,0,185495,28365,494807,404701,107197,362839,501234,226252,136355,271433,1284614,21277
40000,28168,2,297038,1900,0,416,5,87,0,73,61124,0,8,103,199524,11690,214957,10,4,15,0,19,144,37,61815,2150,5173008,527732,59082,122212,32840,325199,74911,75447,1259217,9794,863,71,17686,1135,14503,11055,24391,14030,6409,10354,24204,0,3353,1105,230086,7445,78141,89125,19620,34259,14673,22193,232503,1006,20757,538,391287,102983,15414,42140,8347,60769,17867,14037,402297,1709,2818,1137,74937,32216,18866,177859,338865,101808,42642,33095,198310,5838,16509,7118,265745,85009,30258,224392,41601,260568,44903,51923,232519,16162,1179,205,47637,15721,13895,142911,62771,26729,328265,43393,311075,12834,0,0,0,0,0,0,0,0,0,0,0,41904,6365,1177,295046,182366,70541,333389,198630,292497,282309,165135,896093,10767,1207,365,29366,25997,3291,26034,9434,18077,5142,1366,47933,0,295837,26799,10143005,1988293,890333,4159975,3661552,2276843,1645359,1339725,9697563,172915
41000,19563.826,0.029,82576.71,365.955,0,45.291,0.74,12.129,0,4.84,8777.978,0,3.25,0.391,14620.285,4713.275,3717.228,0.591,0.184,0.983,0.014,1.478,10.676,2.973,39849.59,213.112,695898.887,95259.429,2738.534,9579.755,4159.486,44330.5,2978.119,6296.027,149703.374,1345.383,538.108,16.598,3837.371,197.855,1018.003,1217.199,4951.689,2074.19,741.058,1673.125,3918.143,0,735.598,56.411,27443.612,606.087,2090.596,4771.985,899.07,2161.719,1256.746,1930.782,19198.243,104.567,10800.835,56.767,90666.247,13321.463,565.913,2983.528,1176.383,10884.084,781.25,1534.5,49389.446,196.466,1258.987,145.702,15826.813,5355.087,869.956,8743.187,43130.892,8558.854,1595.141,3350.261,16291.412,290.92,13880.686,2195.621,50394.952,16447.709,1372.129,24094.773,6377.538,19906.094,3458.996,5504.112,33049.781,1536.212,807.432,12.078,15801.634,2613.335,731.698,11955.264,8801.747,2740.124,35185.765,4060.631,30046.178,1665.473,0,0,0,0,0,0,0,0,0,0,0,8702.011,2649.887,81.88,59655.622,25742.859,2797.156,19018.956,16249.67,49684.19,18808.329,20233.771,148088.673,1271.909,897.7,26.798,7259.724,4338.109,233.668,2568.391,1174.098,2314.21,560.921,148.991,6270.425,0,180902.821,5999.194,1671138.981,338422.967,39009.949,339873.61,502371.529,290810.812,147415.816,227326.642,1335314.221,23524.971
42000,25481,0,118543,751,0,80,2,63,0,15,15159,0,6,3,3462,4632,147451,2,0,1,0,4,33,8,66365,1088,702893,155240,21547,21618,8012,70208,7823,20530,303109,2160,581,48,2629,341,7604,1961,6933,2594,1026,3929,5509,0,2236,312,35809,2115,53615,16781,2816,4482,2402,7176,56399,222,18456,294,100710,30369,8328,7314,1962,15822,2000,4321,100147,377,2225,754,21311,9750,11883,30414,76362,18654,4312,9703,48649,1289,17092,4626,53169,28604,19118,43247,10273,55189,6069,16556,59318,3680,1177,57,11588,5354,7157,25264,14861,4539,44542,13288,47837,2833,0,0,0,0,0,0,0,0,0,0,0,9249,5267,488,64171,60012,38884,59389,38287,64265,34087,53675,195616,2377,1343,114,13564,7071,1825,4606,1605,3785,724,401,10505,0,280529,13884,1836192,572302,511319,676862,885208,453112,213243,445424,2214413,37508
43000,53567,0,115825,373,0,78,3,47,0,19,13679,0,8,3,7716,4497,92363,0,0,0,0,3,12,3,96788,497,944697,164127,25233,27253,8538,94036,45955,24224,382433,3990,1069,21,2816,177,3617,2340,10021,2415,603,2846,5989,0,5538,163,75610,2521,26120,26665,4277,6770,2513,6328,66171,651,20753,142,119001,25512,2853,12942,2518,21393,3079,4958,112234,715,3080,275,19032,10081,10311,42163,89192,22628,6054,21698,68972,2414,33889,5216,63741,30917,16224,61180,14137,56146,8805,21678,89972,4144,1269,26,19496,4625,5227,39414,16600,5816,53987,12056,83367,1949,0,0,0,0,0,0,0,0,0,0,0,11906,7007,218,87307,76887,33791,75775,53965,89135,40191,54141,269611,3331,4166,27,4926,7491,1769,5548,4872,2966,1812,410,14552,0,421759,10665,2470247,604508,348038,863370,1052520,555105,297365,500375,2948459,48281
44000,26999,2,71614,574,0,75,1,10,0,14,10546,0,5,146,763734,3330,109820,1,0,0,0,3,27,8,46611,2373,2274074,130102,29539,18726,8046,66116,9542,18147,228249,2081,501,71,10740,275,5720,1702,5547,2599,1009,2982,4513,0,2047,1388,121406,1829,33070,15382,3499,5860,2450,5842,48324,214,13399,583,132877,25026,7122,6209,1960,13708,2378,3598,74889,365,1494,1088,35708,7352,8256,19966,65365,23552,3839,8002,31359,790,12097,6879,133454,20675,13890,30377,9689,90507,6023,12635,45785,3425,759,260,19812,3979,5280,21844,15600,6180,45769,11092,41618,2736,0,0,0,0,0,0,0,0,0,0,0,8937,4660,1354,110397,47132,26659,51528,42176,54585,36062,40318,150820,2167,980,466,15178,6210,1348,3980,1910,4220,729,343,9825,12,210960,30039,5175444,471760,388776,577391,761763,512883,231941,365190,1801223,36239
45000,53211.73,0.15,218011.49,672.66,0,25.42,0.95,142.7,0,17.96,12343.34,0,15.36,1.63,8859.61,4583.19,5152.38,0,0,0.03,0,4.57,6.75,7.81,129745.01,347.97,542691.01,141588.36,11075.53,8350.89,7037.98,76469.92,8516.29,22957.86,250842.45,2211.21,830.08,15.57,2761.83,225.3,2034.5,1152.8,3263.74,2133.42,654.37,2296.24,3455.78,0,6836.73,85.98,55807.43,2519.13,20739.37,5356.47,3032.42,5270.39,2492.86,17165.86,46346.15,589.43,33529.99,80.19,81414.47,26614.76,2362.87,2679.76,1665.06,19826.75,2058.29,4533.98,82803.31,319.39,2550.59,180.53,12590,7077.45,3784.25,7751.98,38818.57,13310.86,2310.34,793.79,21461.66,564.14,35339.57,2640.1,50570.17,31542.65,7129.38,36887.76,9567.68,49309.84,7081,19411.09,63260.98,3138.51,1349.55,12.53,7113.62,3983.25,3432.91,7085.97,9081.41,4392.27,40793.13,13963.83,56550.57,2530.95,0,0,0,0,0,0,0,0,0,0,0,8473,6098.01,114.51,55563.81,41133.22,27845.18,18737.3,31123.13,75734.97,27310.54,41627.49,138718.57,1604.36,1511.17,33.78,8188.31,6427.7,1480.63,1655.32,1058.04,3180.68,612.66,424.76,9175.11,0,465123.01,5962.97,1648306.91,511371.16,198344.76,502189.66,616765.89,430100.81,224402.69,367394.47,1972028.71,34495.97
46000,82679.37,2.8,428818.07,873.08,0,110.09,2.35,37.71,0,19.94,17433.56,0,37.73,203,17243.72,5694.16,21552.32,2.41,0.65,2.27,0.05,5.11,34.58,6.06,163830.27,2453.7,614654.95,185063.92,12469.2,27057.93,10195.91,94640.76,12185.36,23861.66,353351.42,1582.9,984.27,75.6,3378.11,400.87,3345.82,2448.99,9558.51,3810.8,1301.06,4160.95,6989.69,0,3664.65,917.55,24924.8,1605.46,19587.98,12721.84,2342.66,4817.31,2520.52,5026.65,44467.64,99.64,37994.31,577.62,124492.84,36001.77,2563.16,8891.35,2586.83,21464.49,2989.98,4833,116024.35,344.81,3723.09,1070.5,14086.11,10662.16,4399.03,19557.14,83987.61,22927.02,3379.57,10434.89,33966.13,355.6,40144.39,11211.97,82814.6,38194.99,5913.14,59395.96,14984.7,75718.84,9914.04,20419,77691.93,2796.68,1922.06,341.29,12453.12,6217.76,4687.95,31411.53,18950.73,6554.27,68226.67,14886.15,61118.76,2074.07,0,0,0,0,0,0,0,0,0,0,0,6771.73,10450.12,1682.66,54255.06,75276.78,34685.4,68798.99,45564.47,81639.67,44585.27,47970.91,211617.82,1667.35,1618.67,590.83,17929.17,8677.4,1340.57,6393.1,2372.9,2769.65,1158.47,486.96,13498.35,0,597634.32,45192.97,2102827.34,719316.52,195747.81,914417.39,1010330.12,690845.16,312037.12,576477.05,2675895.15,29183.86
01100,717,0,40340,646,0,186,2,2,0,11,23519,0,1,0,1489,3303,25733,5,2,4,0,2,45,11,1877,274,192581,205270,8369,55230,18006,63865,40273,18091,493950,2860,20,11,755,435,3650,4908,11662,2686,1950,3933,9195,0,155,72,10052,3007,23875,39723,9478,6521,5323,6648,86955,291,671,74,37162,39758,2442,18677,4326,16995,10251,3892,160441,494,404,170,5549,12238,5467,78748,162725,16595,19446,8485,74879,1688,542,795,22098,30343,5740,94346,21518,32366,20863,13243,89552,4646,83,11,3146,5236,4497,63425,34002,4036,108898,11936,126735,3710,0,0,0,0,0,0,0,0,0,0,0,12114,548,111,19813,62739,38951,148042,102032,63962,128806,49863,381473,3112,32,32,1716,10474,1145,11555,5152,2893,1918,352,17329,0,13386,3012,535273,695641,209488,1721858,1692807,608492,757198,518550,3858266,49155
11100,942,0,17516,433,0,115,2,0,0,19,13818,0,0,0,2138,2119,13076,3,2,4,0,6,61,7,2470,15,328281,156399,7162,26672,14527,52539,14894,22327,306862,2134,6,0,250,73,838,512,1985,722,517,873,1487,0,213,2,12423,2291,20839,23770,9593,10934,2901,6422,52602,213,1152,3,52442,30980,3290,8683,3578,13290,4046,4304,99167,375,392,6,8281,10671,6511,43876,155248,19073,13991,12399,75807,1817,749,26,24866,24871,7409,47268,18847,29512,10482,16338,66876,3539,69,0,5337,4111,4594,31108,28708,3723,64289,13654,71745,2818,0,0,0,0,0,0,0,0,0,0,0,3930,437,2,27035,45483,32406,74130,90466,56344,69264,48338,288597,2284,57,2,2146,8032,1189,5680,4568,2658,1188,342,13779,0,15602,94,785877,522957,185431,799429,1333736,390393,371801,520793,2447904,32785
14100,1185,0,168357,1256,0,380,6,0,0,14,42853,0,0,0,749318,6869,421826,7,3,27,0,3,175,27,5079,7,1349375,380593,82696,73303,25526,191570,44888,28336,957773,7073,47,0,5348,807,21995,6715,29819,18984,3852,7175,19687,0,237,2,73305,5658,124876,74387,14646,62914,9296,11485,176968,743,1837,3,185067,74495,25454,22440,7395,36556,13289,6751,315602,1234,958,5,36429,24752,29878,97045,386013,114773,44189,14705,177891,5156,1303,20,113142,57650,53768,101922,31096,279221,32784,22754,192486,11593,178,0,23062,10919,16723,85048,49117,18560,194134,20669,269559,9262,0,0,0,0,0,0,0,0,0,0,0,30237,1029,2,111827,119404,85981,207098,158673,194775,243713,87830,978246,7769,116,1,14418,18608,4077,15566,11157,17376,3056,600,39251,0,33194,81,4409041,1306790,1339406,2613989,3842680,2075871,1484955,716435,8595905,122617
14130,282,0,57058,556,0,92,3,0,0,25,14837,0,0,0,978562,2562,290284,1,0,11,0,7,74,13,1799,3,2114073,186325,67483,19520,8307,75644,30235,20474,331568,3550,12,0,9107,395,14747,1782,12652,6212,1783,1533,7185,0,115,2,114246,3095,91586,18082,5313,20095,4243,4687,62262,358,653,1,121796,36850,18033,6186,2786,14954,9993,3235,110060,620,365,2,26739,10216,18207,21783,145944,34669,24832,8011,46649,1727,422,16,113793,27906,36733,29060,9671,158655,21766,12060,63666,5837,79,0,14221,4959,10974,22699,14973,6752,80613,10083,78313,4658,0,0,0,0,0,0,0,0,0,0,0,15211,498,0,108144,55913,55977,54628,55126,72667,174871,34793,260964,3910,25,1,6321,8960,2609,4149,2522,7343,1136,337,15487,0,10108,70,5041453,624089,916584,607151,1467499,802562,921179,305683,2575113,61682
,,,,,,,,,,,,,,,,,,,,,,,,,,,,,,,,,,,,,,,,,,,,,,,,,,,,,,,,,,,,,,,,,,,,,,,,,,,,,,,,,,,,,,,,,,,,,,,,,,,,,,,,,,,,,,,,,,,,,,,,,,,,,,,,,,,,,,,,,,,,,,,,,,,,,,,,,,,,
33100,3194,0,34629,369,0,72,0,1,0,4,7128,0,0,0,5796,2007,15573,1,0,2,0,1,15,13,6252,36,391734,85650,11100,19027,7292,33542,12959,6310,161106,3297,98,2,2385,171,2154,828,4338,1133,658,1569,3195,0,239,10,25623,1266,11418,14809,4362,4232,2077,2574,31572,338,2287,10,61618,16566,2038,6467,2063,7268,3100,1491,52464,575,232,30,12559,5570,3132,25800,73776,8692,6838,3208,27501,1964,1457,106,19010,7580,2131,29751,8418,19780,6136,4803,24522,5301,123,2,6792,2173,2794,21738,14887,3029,55471,4565,53568,4319,0,0,0,0,0,0,0,0,0,0,0,14099,731,19,40565,28108,12614,48569,47881,32199,39291,18350,101278,3622,171,3,13881,2538,741,4894,1631,1716,4869,133,5900,34,32293,567,1052730,306253,116793,579066,616174,228918,253978,157887,1362128,57176
40130,814,0,64890,761,0,177,2,81,0,28,25522,0,0,0,1094,4466,89664,5,3,5,0,7,65,14,3376,419,242426,231786,21725,89551,22120,113098,47017,29557,520332,4134,31,19,920,658,6254,6568,11617,4396,2686,3729,10283,9,145,53,12780,3441,35375,41595,13046,12785,6185,8084,90515,423,938,83,42172,46225,6498,30754,5828,7927,12595,5737,170533,761,341,155,6295,14776,8447,102209,191934,27997,29210,12483,87033,2364,351,79,21688,22513,11432,56444,17805,120194,17863,13399,70224,5672,85,11,3965,6803,6269,74794,38258,12698,175318,15777,209136,5076,0,0,0,0,0,0,0,0,0,0,0,16581,613,316,28904,81431,34174,195921,129494,90085,176208,61519,459499,4517,69,12,2650,10914,1482,13602,6422,8247,3022,499,20735,0,15862,2440,720865,793513,354981,2086972,1806778,876290,924029,506530,4328136,67253
